"ea.uuid"	"ea.name"	"ea.duration.taq"	"ea.duration.tpq"
"989f89d1-5780-4a62-807e-bf21fc0c658b"	"Pre-Dynastic (Egypt)"	"-4400"	"-3000"
"a0b2afe4-e3d3-4565-901c-4bd00ae360b7"	"Chalcolithic (Northern Iran)"	"-5200"	"-3300"
"0c046759-a686-410e-94de-fc9ff3f4bb7a"	"Pre-Dynastic (Egypt)"	"-4400"	"-3000"
"d763fbfa-1dad-438e-a6b1-d2291c453446"	"Chalcolithic (Levant)"	"-5200"	"-3000"
"a3a761f2-2923-44ed-b725-7e8bcceb8d35"	"Chalcolithic (Khuzestan, Iran)"	"-6000"	"-3100"
"5de9594e-4f42-488b-80bb-1c300c1cdf30"	"Chalcolithic (Central Zagros, Iran)"	"-5500"	"-3000"
"45e937f2-f483-4f23-a756-277b120a441a"	"Chalcolithic (Mesopotamia)"	"-5900"	"-3000"
"ec975d99-e9c3-467e-b896-fb179bcac712"	"Chalcolithic (Arabia)"	"-6000"	"-3200"
"5a2c038d-393f-4601-99c7-0e4abe5788cc"	"Chalcolithic (Southern Iran)"	"-5000"	"-2900"
"ca643895-075f-4d2c-a405-24ce3daa1003"	"Palaeolithic (North Africa)"	"-700000"	"-10000"
"c989a7b9-559e-4923-8c67-f366fe44524f"	"Palaeolithic (Levant/Mesopotamia/Arabia)"	"-14000000"	"-18000"
"15f0bdc7-1a1e-44b0-ac24-bf904a45eaa0"	"Palaeolithic (Iran)"	"-800000"	"-18000"
"93312b9f-fc30-4acc-b887-54a35bb344ef"	"Contemporary Islamic (MENA)"	"1900"	"2023"
"b9605ab4-aba0-4030-819a-0ca38e75c87e"	"Epipalaeolithic (Levant/Mesopotamia)"	"-18000"	"-10000"
"93a51828-4408-4086-a9c0-8fb74cd8263a"	"Epipalaeolithic (Arabia)"	"-18000"	"-6500"
"2564f0bc-89c2-44b2-8036-8deb03237324"	"Epipalaeolithic (North Africa)"	"-10000"	"-7000"
"eea3956d-406a-46b2-96c6-ebcbbf9f65b2"	"Epipalaeolithic (Iran)"	"-18000"	"-8500"
"14e3a478-1933-4343-9025-0ba1cc3dd0ec"	"Pre-Dynastic (Egypt)"	"-4400"	"-3000"
"80552db6-5d92-3851-898c-7496e4d662a0"	"Unknown"	"For"	"where"
"6fd0bf51-554c-4572-81ca-c6f25543c77f"	"Bronze Age (Northwest Iran)"	"-3100"	"-1250"
"e1dd7811-cdcc-43eb-a912-b9deec663bcc"	"Bronze Age (Khuzestan, Iran)"	"-3100"	"-1100"
"da90352a-0c22-49f5-bac8-21dd36e09bb2"	"Bronze Age (Northeast Iran)"	"-3100"	"-1500"
"47ba6821-311f-41a9-ba55-cf2d3e65824d"	"Bronze Age (Southern Mesopotamia)"	"-3100"	"-900"
"4550d0f3-24c2-4ada-9fbe-52e5974db973"	"Bronze Age (Arabia)"	"-3200"	"-1500"
"fb5d9c7e-ca5e-4324-97ac-bab673391ecd"	"Bronze Age (Levant)"	"-3600"	"-1200"
"f3754560-6586-42dd-ad7e-9bf98f215a10"	"Bronze Age (Central Zagros, Iran)"	"-2900"	"-1200"
"d95b0772-75cd-4878-8363-0aed370a10d3"	"Bronze Age (Southern Iran)"	"-2900"	"-1000"
"71144f54-34d1-4618-8a30-21c245d5718a"	"Bronze Age (Northern Mesopotamia)"	"-3100"	"-1200"
"8698d5aa-ebd3-46c6-a1f9-dd632bde21c2"	"Classical/Pre-Islamic (Levant/Mesopotamia/Iran/Northern Arabia)"	"-330"	"640"
"6610a4fa-19fe-4a77-92aa-c51ce172a707"	"Classical/Protohistoric/Pre-Islamic (North Africa)"	"-500"	"640"
"5a0c2fcb-1401-42e6-bdec-d0d8bc402524"	"South Arabian Period (Southern Arabia)"	"-800"	"640"
"d53b2f66-2731-476e-be40-8351742f6a18"	"Islamic (Levant/Arabia)"	"640"	"1900"
"e51d7e51-7b1a-4de7-ab94-990b7bc65714"	"Islamic (Iraq)"	"640"	"1900"
"1339bc8d-247f-4c72-994c-28aa61e4fe0d"	"Islamic (Iran)"	"640"	"1900"
"1e2f5c3e-f319-418c-bf64-2e668ecd36b2"	"Islamic (North Africa)"	"640"	"1900"
"71f45ce8-7489-4ab3-b207-5b0722a998a2"	"Dynastic Egypt"	"-3000"	"-350"
"8fd86562-4e30-4a3f-91d6-867ba506929e"	"Neolithic (Egypt)"	"-7000"	"-4400"
"754621a3-1dad-49c2-b224-3f037511d522"	"Neolithic (Arabia)"	"-6500"	"-3000"
"bfe456bc-c7f5-4105-a83f-e8ba6f41ce5e"	"Neolithic (Maghreb)"	"-7000"	"-1000"
"c686668b-01cc-407a-b2db-d3404a783a77"	"Neolithic (Levant/Mesopotamia)"	"-10000"	"-5000"
"ce7f6688-212a-47b1-8c2b-d95ce219c8e9"	"Iron Age (Levant/Mesopotamia)"	"-1200"	"-330"
"5bd42869-3320-49db-8d6d-0ada8e52c66d"	"Iron Age (Arabia)"	"-1500"	"-100"
"d71f6c3d-5df3-482d-9b8f-57f2fe135b14"	"Iron Age (Iran)"	"-1400"	"-330"
"bea17415-14f7-4945-bfb9-d4e6a0f773d9"	"Iron Age (Maghreb)"	"-1000"	"-500"
"84c8d60f-5558-454f-9f51-a865279e788c"	"character(0)"	""	""
"8112e0ad-fbd0-44f6-b09d-f150bdc9d424"	"Vandal (Maghreb)"	"430"	"530"
"a0b9a543-0653-4202-a905-f799a7193d59"	"Roman/Late Antique (North Africa)"	"-50"	"640"
"f316f8c4-fd75-4934-ab8a-ff8b01a83f7f"	"Protohistoric, Late (Mauritania)"	"1"	"640"
"ba54f573-a7ec-44db-80bf-40cfcac88f35"	"Byzantine (Cyrenaica/Egypt)"	"400"	"640"
"a2d786dc-027c-4723-8939-ae8c7dfee85b"	"Hellenistic/Ptolemaic (Cyrenaica/Egypt)"	"-350"	"-30"
"6b5ef3f3-8c12-4d18-8767-b7f725eb0cf0"	"Protohistoric, Late (North Africa)"	"300"	"640"
"6307811e-6095-4dfd-b0cf-d1ca78bd67b4"	"Protohistoric, Early (Mauritania)"	"-300"	"1"
"36e65f66-df3c-4b57-ae7c-8675f5c60bc2"	"Classical (Cyrenaica)"	"-500"	"-350"
"8de5cf65-0c6c-41ef-b5d6-8f01466be20a"	"Byzantine (Maghreb)"	"530"	"640"
"cfb68b57-982c-4aaa-8967-aceed2009e9f"	"Punic, Late (Maghreb)"	"-500"	"-150"
"dea28ebc-74f9-4636-a25c-dbf0318bfa0b"	"Roman, Republican (Maghreb)"	"-150"	"-50"
"b7e81c89-ee76-4022-add6-dac8df35bdd1"	"Protohistoric, Middle (North Africa)"	"-50"	"300"
"0d040240-090f-43e1-8e65-a98245c14171"	"Protohistoric, Early (North Africa)"	"-500"	"-50"
"476f82b6-a530-43da-8b6a-c0207d536408"	"Chalcolithic, Early/Ubaid (Mesopotamia)"	"-5900"	"-4200"
"30320b5a-67ea-44f8-89d7-6ae460209b4b"	"Late Bronze Age (Arabia)"	"-2000"	"-1500"
"af6f3682-5c79-4d5f-84b7-71b6c9563585"	"Early Bronze Age (Arabia)"	"-3200"	"-2000"
"b3d8124b-5375-4100-97a0-b41ccf7de361"	"Chalcolithic, Late 5 (Northern Mesopotamia)"	"-3300"	"-3000"
"cc1da857-8cc3-4726-a00c-a5ef3e8d1758"	"Chalcolithic, Late 1 (Northern Mesopotamia)"	"-4500"	"-4200"
"bbb23e65-b0f9-4c4d-ac63-7845b0def6a5"	"Chalcolithic, Late 3 (Northern Mesopotamia)"	"-3800"	"-3600"
"e05d7b5f-3efa-4900-bea1-16d9b2c718bd"	"Chalcolithic, Late 4 (Northern Mesopotamia)"	"-3600"	"-3300"
"0648dc09-480d-4fa3-a819-21dee7a6d9f6"	"Chalcolithic, Late 2 (Northern Mesopotamia)"	"-4200"	"-3800"
"81dacb60-3109-4b1b-a302-cd41e5c01402"	"Chalcolithic, Early (Central Zagros, Iran)"	"-5500"	"-5000"
"3b950bb6-4a9e-4ca0-b234-41329183830f"	"Chalcolithic, Middle (Central Zagros, Iran)"	"-5000"	"-3800"
"6b4c1d6f-1b15-4aff-84ba-4e7dcab16e61"	"Chalcolithic, Late (Central Zagros, Iran)"	"-3800"	"-3000"
"defe87fc-4c54-4e62-b92a-9592fe0f27ad"	"Middle South Arabian (Southern Arabia)"	"-100"	"300"
"0b32429d-650b-4e3a-89e8-1a143b7a35dc"	"Late South Arabian (Southern Arabia)"	"300"	"640"
"48c0e9cc-09a5-4b54-aabe-ecc14e89de1d"	"Early South Arabian (Southern Arabia)"	"-800"	"-100"
"44bb8597-a4dd-4535-b468-9a01278df8ad"	"Bronze Age, Early Dynastic II (Southern Mesopotamia)"	"-2750"	"-2600"
"d09c53a2-0a37-4dd4-89ba-7272cef189cb"	"Bronze Age, Early Dynastic I (Southern Mesopotamia)"	"-2900"	"-2750"
"10a52aee-295c-4f8a-9b6a-e8df07ac203c"	"Bronze Age, Early Dynastic III (Southern Mesopotamia)"	"-2600"	"-2350"
"1a00dd34-c582-4c2d-bc33-4482d0be0336"	"Late Bronze Age 1 (Levant)"	"-1600"	"-1400"
"cb1f7c9e-4dc5-4851-a862-1556e5c2aa44"	"Late Bronze Age 2 (Levant)"	"-1400"	"-1200"
"20c5f4b1-e808-450c-a5bb-fe414de49ca8"	"Middle Iron Age (Arabia)"	"-1000"	"-600"
"2dd3e68d-54a4-479c-8c6d-a9df806c1916"	"Late Iron Age (Arabia)"	"-600"	"-100"
"2b0508a2-7596-4455-b73a-07c4b455fa66"	"Early Iron Age (Arabia)"	"-1500"	"-1000"
"6142a6e7-a3f0-44e7-8e48-2d2f9a4b70b9"	"Proto South Arabian (Southern Arabia)"	"-1200"	"-800"
"8c3eb073-7914-407a-975d-6ecfb315624c"	"Chalcolithic, Early (Levant)"	"-5200"	"-4500"
"b4faa8f0-6106-4999-b46d-aa5b14613748"	"Chalcolithic, Late (Levant)"	"-4500"	"-3600"
"799082ef-06d5-488e-a9b5-6305da17fe5c"	"Early Bronze Age 4 (Southern Levant)"	"-2500"	"-2000"
"1a6f3465-ec63-431c-82f7-a39e0f5e2a0a"	"Early Bronze Age 1 (Southern Levant)"	"-3600"	"-3000"
"5094c591-8f0b-490f-80b1-34712c37ca05"	"Early Bronze Age 3 (Southern Levant)"	"-2800"	"-2500"
"7b65e7b5-38c6-46fb-bee7-272bda43112d"	"Early Bronze Age 2 (Southern Levant)"	"-3000"	"-2800"
"d3b04833-7b3e-4f17-9135-1e647697a463"	"Chalcolithic, Susa I (Khuzestan, Iran)"	"-3900"	"-3700"
"27882ec3-3559-4355-8d39-e51190f356f1"	"Chalcolithic, Late Susiana (Khuzestan, Iran)"	"-4700"	"-3900"
"2ab2df0c-e217-4337-b1d7-690a242594d3"	"Chalcolithic, Middle Susiana (Khuzestan, Iran)"	"-5700"	"-4700"
"3a567584-e636-4afe-b7ca-ecd141475779"	"Chalcolithic, Early Susiana (Khuzestan, Iran)"	"-6000"	"-5700"
"41e3220d-3399-41d9-a960-313f958e8e6b"	"Chalcolithic, Susa II/Uruk (Khuzestan, Iran)"	"-3700"	"-3100"
"9fcb38c6-fa19-4c68-b606-8fa4702dac77"	"Palaeolithic, Upper (North Africa)"	"-70000"	"-10000"
"294c91da-bf74-47df-87a5-9006dae43f0e"	"Palaeolithic, Lower (North Africa)"	"-700000"	"-250000"
"d7c81a8f-e1b1-4c2b-baef-5c6a54b3a642"	"Palaeolithic, Middle (North Africa)"	"-250000"	"-70000"
"710903c9-3bcb-41e8-8945-f04321610cda"	"Middle Bronze Age II (Northwest Iran)"	"-1900"	"-1600"
"7683b9a6-3800-4984-a783-fab0ad6e9a87"	"Early Bronze Age/Early Transcaucasian (Northwest Iran)"	"-3100"	"-1600"
"082b6201-6360-4413-bb59-143694e5bb19"	"Late Bronze Age (Northwest Iran)"	"-1450"	"-1250"
"b3dbd052-0d5b-4376-9a46-79b538837e08"	"Middle Bronze Age III (Northwest Iran)"	"-1600"	"-1450"
"670bd722-548c-49a8-9898-795cc8481f30"	"Middle Bronze Age I (Northwest Iran)"	"-2100"	"-1900"
"06b60e38-bbf6-49d0-b371-cb2ff094d3ec"	"Hellenistic/Seleucid, Late (Levant/Mesopotamia)"	"-160"	"-50"
"83f1f7d6-24eb-4c5a-ba95-acc3cf195f67"	"Post-Achaemenid/Hellenistic/Seleucid, Early (Levant/Mesopotamia/Iran)"	"-330"	"-160"
"0273a36b-7f97-4f92-b87a-bf631e5e8491"	"Contemporary Islamic, Modern (MENA)"	"1950"	"2023"
"29e47f16-9491-403d-9093-eb710731c7ad"	"Palaeolithic, Lower (Iran)"	"-800000"	"-250000"
"25bbff59-9502-42c1-933f-71488905096d"	"Palaeolithic, Upper (Iran)"	"-45000"	"-18000"
"dee11d1c-a0c2-4170-bca0-b69b87d1190d"	"Palaeolithic, Middle (Iran)"	"-250000"	"-45000"
"fbcd5f2c-fc54-4f62-8698-766a1e43fd33"	"Neolithic, Late/Ceramic/Pottery, Early (Levant/Mesopotamia)"	"-6800"	"-6000"
"1a17e656-1352-4351-9afa-55c5ee87cc86"	"Neolithic, Late/Ceramic/Pottery, Late (Levant/Mesopotamia)"	"-6000"	"-5000"
"7686f7bb-a676-497b-8dd1-b368b5bbc5f4"	"Neolithic, Late (Arabia)"	"-4000"	"-3000"
"c0936d06-c696-4a0e-947d-2cbf219ce611"	"Neolithic, Early (Arabia)"	"-6500"	"-6000"
"bd1eacf4-c316-4475-90c5-ce344799f695"	"Neolithic, Middle (Arabia)"	"-6000"	"-4000"
"026581d8-10ab-42ee-b4b4-fe5dd223ff41"	"Late Bronze Age 1/Mittani (Northern Mesopotamia)"	"-1600"	"-1400"
"1830be78-fee6-440c-b90c-3197efee496b"	"Late Bronze Age 2/Middle Assyrian (Northern Mesopotamia)"	"-1400"	"-1200"
"d541a34a-7a2c-4ef4-ad16-039796455054"	"Epipalaeolithic, Late (Iran)"	"-12500"	"-8500"
"eae5e74a-e0af-4fcd-afb8-622fec21af15"	"Epipalaeolithic, Early (Iran)"	"-18000"	"-12500"
"92bb07c0-c7e0-4533-9f49-66432d0baa8e"	"Iron Age, Early (Northern Levant)"	"-1200"	"-900"
"6a11200c-6e3d-438c-9687-ab73a71002c2"	"Iron Age, Middle (Northern Levant)"	"-900"	"-550"
"f5a6a170-f787-4c2a-bc03-9747bbe23f0d"	"Iron Age, Late (Northern Levant)"	"-550"	"-330"
"b4328a1f-1fde-4c78-aaf5-d2dbac673e4f"	"Islamic, Middle (Ghaznavid/Seljuq/Khwarazmshah) (Iran)"	"1000"	"1200"
"17014583-8f0c-4962-972c-2dc8c9c9f014"	"Islamic, Late (Timurid/Safavid/Qajar) (Iran)"	"1400"	"1900"
"d2fb3e32-43ae-428b-9e48-9c0e1ad3ce3f"	"Islamic, Early (Tahirid/Saffarid/Samanid/Buyids) (Iran)"	"800"	"1000"
"8ec95fc4-4c38-4e43-a409-72584bb3c63f"	"Islamic, Middle (Mongol/Ilkhanid/Muzaffarid/Jalayrid) (Iran)"	"1200"	"1400"
"703e2ec7-705e-449d-8cc2-df40273f1417"	"Islamic, Early (Ummayad/Abbasid) (Iran)"	"640"	"800"
"77f7c756-4ba1-422e-bcc3-89d6b3346217"	"Middle Bronze Age 2 (Levant)"	"-1800"	"-1600"
"e995d8b1-1aeb-4f21-be3f-fd029f51001c"	"Middle Bronze Age 1 (Levant)"	"-2000"	"-1800"
"5af0bc13-5a13-4578-b691-75df4d6e0e83"	"Islamic, Late (Mamluk/Rasulid) (Levant/Arabia)"	"1300"	"1500"
"fcae014b-7d62-4469-8154-7cbfa4feb3cb"	"Islamic, Late (Ottoman) (Levant/Arabia)"	"1500"	"1900"
"b007aef8-a03d-49ca-a142-82d987e18145"	"Islamic, Middle (Fatimid/Ayyubid/Crusader) (Levant/Arabia)"	"1070"	"1300"
"bc58f7b8-8c65-4c37-b3f2-4847dd7e9281"	"Islamic, Early (Umayyad/Abbasid/Fatimid) (Levant/Arabia)"	"640"	"1070"
"44608cbe-3101-41a7-bfcd-7d80a3006d1c"	"Neolithic, Early (Maghreb)"	"-7000"	"-3000"
"0aa04137-b66f-40f7-b2d4-c05d6826176a"	"Neolithic, Late (Maghreb)"	"-3000"	"-1000"
"ed62666b-39db-4538-aadb-018af73781f7"	"Neolithic, Late (Mauritania)"	"-2200"	"-300"
"3acdef80-c036-42cd-bf78-29636133ebc9"	"First World War (MENA)"	"1914"	"1918"
"bf68ff16-c5f2-418f-b22c-23bf43960e26"	"Second World War (MENA)"	"1939"	"1945"
"99530868-7f16-45c3-8ec8-e2075f3c546b"	"Iron Age, Early (Maghreb)"	"-1000"	"-800"
"cfddd03d-a1ac-4ba7-9f0d-d2050119e331"	"Iron Age, Late/Punic, Early (Maghreb)"	"-800"	"-500"
"fad91453-7f89-4524-9e28-f9d0a9d528e3"	"Roman Imperial, Late (North Africa)"	"200"	"430"
"5e1606ac-81ee-420a-9a27-b3d53f446602"	"Roman Imperial, Early (North Africa)"	"-31"	"200"
"67df6c4c-d758-4551-b0b4-dd1048ad55cb"	"Bronze Age, Ur III Period (Southern Mesopotamia)"	"-2150"	"-2000"
"694e613c-0318-42e9-8add-4fda3fe3698e"	"Bronze Age, Kassite (Southern Mesopotamia)"	"-1550"	"-1100"
"e387bede-b33b-4494-b0b2-cf2624312aed"	"Bronze Age, Middle Babylonian (Southern Mesopotamia)"	"-1400"	"-1100"
"95ac6d80-2f7e-4f94-9ec4-f7aa9783d2e9"	"Bronze Age, Akkadian (Southern Mesopotamia)"	"-2400"	"-2150"
"c39195d7-0674-4584-864a-9f8f72bdafda"	"Bronze Age, Jemdat Nasr (Southern Mesopotamia)"	"-3100"	"-2900"
"3470c414-799d-4e86-83f1-4a145fb6994a"	"Bronze Age, Old Babylonian (Southern Mesopotamia)"	"-1900"	"-1550"
"5b3d0c99-374c-4f1e-9235-f5a0910d4979"	"Late Bronze Age (Central Zagros, Iran)"	"-1400"	"-1200"
"dd1382b2-f453-4f7b-96d6-124c3b8ed92d"	"Early Bronze Age (Central Zagros, Iran)"	"-2900"	"-2100"
"39b458c7-4321-491f-9ba5-84645036c60e"	"Middle Bronze Age (Central Zagros, Iran)"	"-2100"	"-1400"
"c8a1a6c0-8bd7-477f-a58a-339014a79d7f"	"Iron Age, Neo-Babylonian (Mesopotamia)"	"-650"	"-550"
"ff5e8d1f-81c7-4564-b2b0-fb4ac4e4130f"	"Iron Age, Late/Neo-Assyrian (Mesopotamia)"	"-950"	"-600"
"85d8a221-db7c-4692-a81b-30df66764227"	"Iron Age, Middle Assyrian (Mesopotamia)"	"-1200"	"-950"
"e3570739-9173-4dca-9edc-9f7e2c4170d3"	"Iron Age, Post-Assyrian/Achaemenid/Persian (Levant/Mesopotamia)"	"-550"	"-330"
"88f3f8f8-4210-4662-9d95-c5697ca2ef5f"	"Neolithic, Late/Ceramic (Northern Iran)"	"-6200"	"-5200"
"3b64b2f3-e7bc-4cb3-9670-a45013c34f14"	"Neolithic, Late/Ceramic (Central Zagros/Khuzestan, Iran)"	"-7000"	"-6000"
"60e41f61-ccd7-4239-bce0-bdc01b12eca7"	"Neolithic, Early/Aceramic/Pre-pottery (Northeast Iran)"	"-7000"	"-6200"
"0b9cef5e-6fd8-4121-bbc6-9e0d64e94d00"	"Neolithic, Early/Aceramic/Pre-pottery (Khuzestan, Iran)"	"-7600"	"-7000"
"a533bad2-a548-42e2-a022-47d742266766"	"Neolithic, Late/Ceramic (Southeast Iran)"	"-5500"	"-5000"
"eeafe5f3-2529-42cc-a8f1-66581a565af3"	"Neolithic, Late/Ceramic (Southern Zagros, Iran)"	"-6300"	"-5000"
"59f266a3-b1b4-473f-80b6-fdf90d56e5f3"	"Neolithic, Early/Aceramic/Pre-pottery (Central Zagros, Iran)"	"-8500"	"-7000"
"541e7028-2b9c-4a3c-9e94-7b69d38cc027"	"Neolithic, Early/Aceramic/Pre-pottery (Southern Zagros, Iran)"	"-7100"	"-6300"
"0595f91f-a8c6-44ec-977d-8f0b8d996a59"	"Roman/Byzantine (Levant/Mesopotamia)"	"-31"	"640"
"6c935ae9-c001-490f-bb0d-1b586e0faa83"	"Parthian (Levant/Mesopotamia/Iran/Northern Arabia)"	"-250"	"225"
"f6f49f7f-198f-4b5e-b6ef-8ae1b34845cf"	"Nabataean (Levant/Northern Arabia)"	"-100"	"400"
"477c6a1d-3af1-47cd-aa87-d10662bcc2e9"	"Byzantine (Levant/Mesopotamia)"	"400"	"640"
"4e5e3766-8c62-4f73-b794-508532ac96d9"	"Sasanian (Levant/Mesopotamia/Iran/Northern Arabia)"	"225"	"640"
"d433732f-a9f3-4ba0-84dd-55c50c3133e0"	"Chalcolithic, Late Bakun/Yahya VA (Southern Iran)"	"-4400"	"-4000"
"4cbdc4c1-c6ca-4f9a-9385-9fd2290fdaaa"	"Chalcolithic, Lapui/Yahya VA (Southern Iran)"	"-4000"	"-3500"
"7f819beb-fa7d-4a95-867a-fdcf80ab9d95"	"Chalcolithic, Middle Banesh/Yahya IVC (Southern Iran)"	"-3350"	"-2900"
"32d06955-b1a5-4cc7-9b0f-4459c498a295"	"Chalcolithic, Early-Middle Bakun/Yahya VI-VB (Southern Iran)"	"-5000"	"-4400"
"66e46401-6fd0-4850-a72b-8848bd65bd66"	"Chalcolithic, Early Banesh/Yahya IVC (Southern Iran)"	"-3500"	"-3350"
"d8c35eff-d572-4478-ba53-9b2787a3f149"	"Neolithic, Early/Aceramic/Pre-Pottery B (Levant/Mesopotamia)"	"-8550"	"-6800"
"01410b75-dd66-4096-9718-fe91aacaf79c"	"Neolithic, Early/Aceramic/Pre-Pottery C (South Levant)"	"-6800"	"-6500"
"d40307ee-1d5d-4f9c-b722-0f87ca754250"	"Neolithic, Early/Aceramic/Pre-Pottery A (Levant/Mesopotamia)"	"-10000"	"-8550"
"4d8b7c33-c0ca-4fa4-ab6c-820988699a91"	"Pre-Dynastic, Early (Egypt)"	"-4400"	"-3500"
"feba7c48-521a-4c0a-931e-394804c172e5"	"Pre-Dynastic, Late (Egypt)"	"-3500"	"-3000"
"db4a9b30-8ce7-46a5-bdde-4ecb82666e14"	"Bronze Age, Susa VI/ Old Elamite III (Khuzestan)"	"-1900"	"-1500"
"d5ff01bf-ac40-44df-9f83-f5bcb97b0a86"	"Bronze Age, Middle Elamite (Khuzestan)"	"-1500"	"-1100"
"83f2a63e-92d5-4d62-b239-927cf360190c"	"Bronze Age, Susa V/ Old Elamite II (Khuzestan)"	"-2200"	"-1800"
"c093d051-7bf9-43b7-bdd8-3c1cf4c1a2d1"	"Bronze Age, Susa III/Proto-Elamite (Khuzestan)"	"-3100"	"-2675"
"5f126d6b-6def-4cf8-b482-3bee1a7bd5a8"	"Bronze Age, Susa IV/ Old Elamite I (Khuzestan)"	"-2675"	"-2200"
"40dcc720-d5c8-4ab3-a055-bae2bc46eaaf"	"Islamic, Early (Umayyad/Abbasid) (North Africa)"	"640"	"900"
"b96c1fef-146d-43bd-86bb-e9566bd16dde"	"Islamic, Middle (Fatimid/Zirid/Hammadid/Almoravid/Almohad) (North Africa)"	"900"	"1200"
"3d070ce3-6a05-48ca-81d3-169235aa5e34"	"Islamic, Late (Ottoman/Saadi/Wattasid/Alaouite/Colonial) (North Africa)"	"1500"	"1900"
"aa4dd772-91ad-4e47-98f6-786f7fd3f002"	"Islamic, Late (Ayyubid/Hafsid/Marinid/Zayyanid/Mamluk) (North Africa)"	"1200"	"1500"
"20219518-39ef-417e-9a84-f8df3da2eb25"	"Iron Age II (Northwest Iran)"	"-1050"	"-800"
"c09c3ae6-86b9-44da-9e58-5514a7426e59"	"Early Iron Age (North Central Iran)"	"-1400"	"-800"
"e6ee627d-7d88-4dab-81d1-198010f73785"	"Iron Age, Neo-Elamite I (Khuzestan/Southwest Iran)"	"-1100"	"-725"
"80f06d47-0020-4cef-b308-257eb255bc2d"	"Achaemenid/Iron Age IV (Iran)"	"-550"	"-330"
"f9a3958a-d7af-445f-b7b1-d751f2044446"	"Median (Central Zagros, Iran)"	"-800"	"-585"
"a0adf676-6cab-4515-9e40-ce36ab250175"	"Iron Age, Yahya III (Southeast Iran)"	"-800"	"-650"
"8f55dcdd-0590-4fd5-a615-d5231d3a0e87"	"Iron Age I (Northwest Iran)"	"-1250"	"-1050"
"38c4d0a0-2df0-498c-9146-a3ca9d727c26"	"Iron Age, Neo-Elamite II (Khuzestan/Southwest Iran)"	"-725"	"-520"
"7e66ee8c-6c65-4a8a-9e65-dae416fcdede"	"Iron Age III/Late Iron Age (Northern Iran)"	"-800"	"-550"
"a12b1ef7-5ede-4325-9d38-9d05e3733ca6"	"Iron Age, Pre-Achaemenid (Southeast Iran)"	"-650"	"-500"
"04054bf7-939e-48aa-b5d4-d63e29401ebe"	"Iron Age 1 (Southern Levant)"	"-1200"	"-1000"
"ca13e033-9922-4248-9184-ba5ae9fb0845"	"Iron Age 3 (Southern Levant)"	"-700"	"-550"
"ec3ff74e-f555-4ca0-bde1-846177b8cfe3"	"Iron Age 2 (Southern Levant)"	"-1000"	"-700"
"de162918-56aa-48e6-ab8a-024934df0b91"	"Epipalaeolithic, Early (Levant/Mesopotamia)"	"-18000"	"-12500"
"68bc1195-6310-4c54-85e9-765afeece920"	"Epipalaeolithic, Late (Levant/Mesopotamia)"	"-12500"	"-10000"
"52dd9d5f-2639-4032-8eed-5ac475bed5e9"	"Bronze Age, Kaftari/Yahya IVA (Southern Iran)"	"-2300"	"-1500"
"28d77fa3-e895-4793-b3f3-861fecd7d634"	"Bronze Age, Qaleh/Shogha-Teimuran (Southwest Iran)"	"-1500"	"-1000"
"042dc03d-12a9-4247-998e-97c996b16ff0"	"Bronze Age, Late Banesh/Yayha IVB (Southern Iran)"	"-2900"	"-2300"
"a5465015-c54a-4b8d-9990-20582ae95614"	"Middle Bronze Age 2 (Northern Mesopotamia)"	"-1800"	"-1600"
"66eac30b-3572-4bc7-8f7f-4e32ac84bb9b"	"Middle Bronze Age 1 (Northern Mesopotamia)"	"-2000"	"-1800"
"c3e75e6d-c416-4036-a525-efe63bb59c02"	"Unknown"	"For"	"where"
"876caf69-4881-4b0f-bdf7-bce7580b10ed"	"Epipalaeolithic, Late (Arabia)"	"-9000"	"-6500"
"451e7c8e-ce1b-498d-a952-9809e5a46674"	"Epipalaeolithic, Early (Arabia)"	"-18000"	"-9000"
"8006f401-e648-41e4-b191-6b093f869c56"	"Roman Imperial, Early (Levant/Mesopotamia)"	"-31"	"200"
"62877603-78a3-40b7-9189-7f879640a142"	"Roman Imperial, Late (Levant/Mesopotamia)"	"200"	"400"
"5c92b00e-a94f-4c00-ac14-91acffa651ae"	"Epipalaeolithic (North Africa)"	"-10000"	"-7000"
"a98a1095-9043-4d39-84f2-ae140a0778be"	"Early Bronze Age, Early (Northern Mesopotamia)"	"-3100"	"-2600"
"3fe9910e-3f2e-4482-a6f4-08b8582b2309"	"Early Bronze Age, Late (Northern Mesopotamia)"	"-2600"	"-2000"
"763b524a-1fad-4248-98be-dbefa86cf68b"	"Middle Bronze Age (Northeast Iran)"	"-2200"	"-1800"
"a132beb6-2145-4b41-a327-05ea21d0cd0a"	"Early Bronze Age (Northeast Iran)"	"-3100"	"-2200"
"97642f1b-2136-4282-a9c7-5e5cdfcf1185"	"Late Bronze Age (Northeast Iran)"	"-1800"	"-1500"
"4a209a73-8e5f-4fa1-a21f-e4f7bc9f5baf"	"Early Bronze Age, 4 (Northern Levant)"	"-2500"	"-2000"
"beb2e653-f6f0-4557-9787-51c2f9cf78ef"	"Early Bronze Age, 1-3 (Northern Levant)"	"-3400"	"-2500"
"7154c1f6-fc64-475c-a679-b7044e82ae11"	"Islamic, Late (Ottoman) (Iraq)"	"1500"	"1900"
"21927140-2a97-44d8-bc65-b9294fc16957"	"Islamic, Early (Early Caliphate/Umayyad) (Iraq)"	"640"	"750"
"95f3ac82-e389-4bbe-9f89-7284b2888d63"	"Islamic, Middle (Abbasid) (Iraq)"	"750"	"1250"
"e2257468-dac2-405c-b0f3-b6c1d1cfa5b8"	"Islamic, Late (Post-Abbasid) (Iraq)"	"1250"	"1500"
"44be3483-baaa-489f-9a9f-1c52a39c30c2"	"Palaeolithic, Middle (Levant/Arabia/Mesopotamia)"	"-250000"	"-45000"
"8d397953-83c4-478a-8387-04d89fe68408"	"Palaeolithic, Lower (Levant/Arabia/Mesopotamia)"	"-14000000"	"-250000"
"01292037-a5e1-4789-9212-7171e3138b89"	"Palaeolithic, Upper (Levant/Arabia/Mesopotamia)"	"-45000"	"-18000"
"e8245c68-80d1-4972-ac2b-296448b30004"	"Chalcolithic, Middle (Arabia)"	"-5000"	"-4000"
"844734a0-b67a-4302-b714-4470f0592e6a"	"Chalcolithic, Early (Arabia)"	"-6000"	"-5000"
"6c501514-15b5-4c7d-9197-b55ee47e8ab6"	"Chalcolithic, Late (Arabia)"	"-4000"	"-3200"
"a31eb230-bfcf-477e-8ef8-15625fdba909"	"Neolithic, Early (Egypt)"	"-7000"	"-5300"
"79da95a0-63a4-4449-90c0-ba4f2d097f80"	"Neolithic, Late (Egypt)"	"-5300"	"-4400"
"69835729-e882-4564-a6bb-0ca25b4ef606"	"Second Intermediate/New Kingdom (Egypt)"	"-1650"	"-1550"
"3c244537-ede7-4e8c-b912-7475c7db403b"	"Middle Kingdom (Egypt)"	"-2050"	"-1650"
"ff798b32-107c-446b-8078-ea909b79a815"	"Late Dynastic (Egypt)"	"-650"	"-350"
"adac94ba-46c9-44db-9010-fa3fa5a85731"	"First Intermediate (Egypt)"	"-2150"	"-2050"
"aabd0e9f-4c26-427d-8afd-bd3ef3be28d5"	"New Kingdom (Egypt)"	"-1550"	"-1050"
"19062f2f-f15e-4d2c-bc28-e7dfc05a7eb4"	"Old Kingdom (Egypt)"	"-2700"	"2150"
"2e7a37ae-40a8-4517-805f-b38be315a57c"	"Early Dynastic (Egypt)"	"-3000"	"-2700"
"c038ed34-6a7a-4d31-8ad1-97afec2369cb"	"Third Intermediate (Egypt)"	"-1050"	"-650"
"f2b809bd-40e0-4dd3-b8b4-1eb763a35e2c"	"Chalcolithic, Early (Northern Iran)"	"-4300"	"-4000"
"813e169d-c5ad-46f0-bdb7-176f4d8a8cd8"	"Chalcolithic, Transitional (Northern Iran)"	"-5200"	"-4300"
"0dcddf9a-d179-42b8-b76d-e947111af447"	"Chalcolithic, Late (Northern Iran)"	"-3700"	"-3300"
"a28e8adf-7d14-48e8-89d1-9feeb362f3d1"	"Chalcolithic, Middle (Northern Iran)"	"-4000"	"-3700"
"eddea047-7ec8-41ee-bb4a-454a76c11888"	"character(0)"	""	""
